filename,type,title,destination URL
animal-coloring-pages-puppy.png,single,Animal Coloring Pages,https://somethingforlittleones.com/animal-coloring-pages/puppy/
animal-coloring-pages-kitten.png,single,Animal Coloring Pages,https://somethingforlittleones.com/animal-coloring-pages/kitten/
animal-coloring-pages-elephant.png,single,Animal Coloring Pages,https://somethingforlittleones.com/animal-coloring-pages/elephant/
animal-coloring-pages-butterfly.png,single,Animal Coloring Pages,https://somethingforlittleones.com/animal-coloring-pages/butterfly/
animal-coloring-pages-bunny.png,single,Animal Coloring Pages,https://somethingforlittleones.com/animal-coloring-pages/bunny/
animal-coloring-pages-collection-1.png,collection,Animal Coloring Pages,https://somethingforlittleones.com/animal-coloring-pages/
animal-coloring-pages-collection-2.png,collection,Animal Coloring Pages,https://somethingforlittleones.com/animal-coloring-pages/
big-shape-coloring-pages-big-ball.png,single,Big Shape Coloring Pages,https://somethingforlittleones.com/big-shape-coloring-pages/big-ball/
big-shape-coloring-pages-whole-apple.png,single,Big Shape Coloring Pages,https://somethingforlittleones.com/big-shape-coloring-pages/whole-apple/
big-shape-coloring-pages-simple-fish.png,single,Big Shape Coloring Pages,https://somethingforlittleones.com/big-shape-coloring-pages/simple-fish/
big-shape-coloring-pages-drinking-cup.png,single,Big Shape Coloring Pages,https://somethingforlittleones.com/big-shape-coloring-pages/drinking-cup/
big-shape-coloring-pages-big-star.png,single,Big Shape Coloring Pages,https://somethingforlittleones.com/big-shape-coloring-pages/big-star/
big-shape-coloring-pages-collection-1.png,collection,Big Shape Coloring Pages,https://somethingforlittleones.com/big-shape-coloring-pages/
big-shape-coloring-pages-collection-2.png,collection,Big Shape Coloring Pages,https://somethingforlittleones.com/big-shape-coloring-pages/
car-coloring-pages-family-car.png,single,Car and Truck Coloring Pages,https://somethingforlittleones.com/car-coloring-pages/family-car/
car-coloring-pages-pickup-truck.png,single,Car and Truck Coloring Pages,https://somethingforlittleones.com/car-coloring-pages/pickup-truck/
car-coloring-pages-race-car.png,single,Car and Truck Coloring Pages,https://somethingforlittleones.com/car-coloring-pages/race-car/
car-coloring-pages-fire-truck.png,single,Car and Truck Coloring Pages,https://somethingforlittleones.com/car-coloring-pages/fire-truck/
car-coloring-pages-dump-truck.png,single,Car and Truck Coloring Pages,https://somethingforlittleones.com/car-coloring-pages/dump-truck/
car-coloring-pages-collection-1.png,collection,Car and Truck Coloring Pages,https://somethingforlittleones.com/car-coloring-pages/
car-coloring-pages-collection-2.png,collection,Car and Truck Coloring Pages,https://somethingforlittleones.com/car-coloring-pages/
christmas-coloring-pages-christmas-tree.png,single,Christmas Coloring Pages,https://somethingforlittleones.com/christmas-coloring-pages/christmas-tree/
christmas-coloring-pages-santa-claus.png,single,Christmas Coloring Pages,https://somethingforlittleones.com/christmas-coloring-pages/santa-claus/
christmas-coloring-pages-gingerbread-house.png,single,Christmas Coloring Pages,https://somethingforlittleones.com/christmas-coloring-pages/gingerbread-house/
christmas-coloring-pages-reindeer.png,single,Christmas Coloring Pages,https://somethingforlittleones.com/christmas-coloring-pages/reindeer/
christmas-coloring-pages-christmas-stocking.png,single,Christmas Coloring Pages,https://somethingforlittleones.com/christmas-coloring-pages/christmas-stocking/
christmas-coloring-pages-huge-tree.png,single,Christmas Coloring Pages,https://somethingforlittleones.com/christmas-coloring-pages/huge-tree/
christmas-coloring-pages-huge-ornament.png,single,Christmas Coloring Pages,https://somethingforlittleones.com/christmas-coloring-pages/huge-ornament/
christmas-coloring-pages-huge-present.png,single,Christmas Coloring Pages,https://somethingforlittleones.com/christmas-coloring-pages/huge-present/
christmas-coloring-pages-striped-mitten.png,single,Christmas Coloring Pages,https://somethingforlittleones.com/christmas-coloring-pages/striped-mitten/
christmas-coloring-pages-snowman.png,single,Christmas Coloring Pages,https://somethingforlittleones.com/christmas-coloring-pages/snowman/
christmas-coloring-pages-gift-sleigh.png,single,Christmas Coloring Pages,https://somethingforlittleones.com/christmas-coloring-pages/gift-sleigh/
christmas-coloring-pages-fireplace.png,single,Christmas Coloring Pages,https://somethingforlittleones.com/christmas-coloring-pages/fireplace/
christmas-coloring-pages-window-wreath.png,single,Christmas Coloring Pages,https://somethingforlittleones.com/christmas-coloring-pages/window-wreath/
christmas-coloring-pages-reindeer-and-tree.png,single,Christmas Coloring Pages,https://somethingforlittleones.com/christmas-coloring-pages/reindeer-and-tree/
christmas-coloring-pages-living-room.png,single,Christmas Coloring Pages,https://somethingforlittleones.com/christmas-coloring-pages/living-room/
christmas-coloring-pages-snowy-village.png,single,Christmas Coloring Pages,https://somethingforlittleones.com/christmas-coloring-pages/snowy-village/
christmas-coloring-pages-winter-woods.png,single,Christmas Coloring Pages,https://somethingforlittleones.com/christmas-coloring-pages/winter-woods/
christmas-coloring-pages-collection-1.png,collection,Christmas Coloring Pages,https://somethingforlittleones.com/christmas-coloring-pages/
christmas-coloring-pages-collection-2.png,collection,Christmas Coloring Pages,https://somethingforlittleones.com/christmas-coloring-pages/
dinosaur-coloring-pages-friendly-trex.png,single,Dinosaur Coloring Pages,https://somethingforlittleones.com/dinosaur-coloring-pages/friendly-trex/
dinosaur-coloring-pages-brachiosaurus.png,single,Dinosaur Coloring Pages,https://somethingforlittleones.com/dinosaur-coloring-pages/brachiosaurus/
dinosaur-coloring-pages-triceratops.png,single,Dinosaur Coloring Pages,https://somethingforlittleones.com/dinosaur-coloring-pages/triceratops/
dinosaur-coloring-pages-stegosaurus.png,single,Dinosaur Coloring Pages,https://somethingforlittleones.com/dinosaur-coloring-pages/stegosaurus/
dinosaur-coloring-pages-dinosaur-egg.png,single,Dinosaur Coloring Pages,https://somethingforlittleones.com/dinosaur-coloring-pages/dinosaur-egg/
dinosaur-coloring-pages-collection-1.png,collection,Dinosaur Coloring Pages,https://somethingforlittleones.com/dinosaur-coloring-pages/
dinosaur-coloring-pages-collection-2.png,collection,Dinosaur Coloring Pages,https://somethingforlittleones.com/dinosaur-coloring-pages/
dinosaur-scene-coloring-pages-spotted-trex.png,single,Dinosaur Scene Coloring Pages,https://somethingforlittleones.com/dinosaur-scene-coloring-pages/spotted-trex/
dinosaur-scene-coloring-pages-long-neck.png,single,Dinosaur Scene Coloring Pages,https://somethingforlittleones.com/dinosaur-scene-coloring-pages/long-neck/
dinosaur-scene-coloring-pages-frilled-triceratops.png,single,Dinosaur Scene Coloring Pages,https://somethingforlittleones.com/dinosaur-scene-coloring-pages/frilled-triceratops/
dinosaur-scene-coloring-pages-plated-stegosaurus.png,single,Dinosaur Scene Coloring Pages,https://somethingforlittleones.com/dinosaur-scene-coloring-pages/plated-stegosaurus/
dinosaur-scene-coloring-pages-flying-reptile.png,single,Dinosaur Scene Coloring Pages,https://somethingforlittleones.com/dinosaur-scene-coloring-pages/flying-reptile/
dinosaur-scene-coloring-pages-collection-1.png,collection,Dinosaur Scene Coloring Pages,https://somethingforlittleones.com/dinosaur-scene-coloring-pages/
dinosaur-scene-coloring-pages-collection-2.png,collection,Dinosaur Scene Coloring Pages,https://somethingforlittleones.com/dinosaur-scene-coloring-pages/
fall-coloring-pages-maple-leaf.png,single,Fall Coloring Pages,https://somethingforlittleones.com/fall-coloring-pages/maple-leaf/
fall-coloring-pages-acorn.png,single,Fall Coloring Pages,https://somethingforlittleones.com/fall-coloring-pages/acorn/
fall-coloring-pages-scarecrow.png,single,Fall Coloring Pages,https://somethingforlittleones.com/fall-coloring-pages/scarecrow/
fall-coloring-pages-apple-basket.png,single,Fall Coloring Pages,https://somethingforlittleones.com/fall-coloring-pages/apple-basket/
fall-coloring-pages-squirrel.png,single,Fall Coloring Pages,https://somethingforlittleones.com/fall-coloring-pages/squirrel/
fall-coloring-pages-huge-leaf.png,single,Fall Coloring Pages,https://somethingforlittleones.com/fall-coloring-pages/huge-leaf/
fall-coloring-pages-huge-apple.png,single,Fall Coloring Pages,https://somethingforlittleones.com/fall-coloring-pages/huge-apple/
fall-coloring-pages-huge-acorn.png,single,Fall Coloring Pages,https://somethingforlittleones.com/fall-coloring-pages/huge-acorn/
fall-coloring-pages-sunflower.png,single,Fall Coloring Pages,https://somethingforlittleones.com/fall-coloring-pages/sunflower/
fall-coloring-pages-leaf-pile.png,single,Fall Coloring Pages,https://somethingforlittleones.com/fall-coloring-pages/leaf-pile/
fall-coloring-pages-pumpkin-pie.png,single,Fall Coloring Pages,https://somethingforlittleones.com/fall-coloring-pages/pumpkin-pie/
fall-coloring-pages-apple-tree.png,single,Fall Coloring Pages,https://somethingforlittleones.com/fall-coloring-pages/apple-tree/
fall-coloring-pages-porch-mums.png,single,Fall Coloring Pages,https://somethingforlittleones.com/fall-coloring-pages/porch-mums/
fall-coloring-pages-hay-wagon.png,single,Fall Coloring Pages,https://somethingforlittleones.com/fall-coloring-pages/hay-wagon/
fall-coloring-pages-orchard-path.png,single,Fall Coloring Pages,https://somethingforlittleones.com/fall-coloring-pages/orchard-path/
fall-coloring-pages-autumn-barn.png,single,Fall Coloring Pages,https://somethingforlittleones.com/fall-coloring-pages/autumn-barn/
fall-coloring-pages-forest-floor.png,single,Fall Coloring Pages,https://somethingforlittleones.com/fall-coloring-pages/forest-floor/
fall-coloring-pages-collection-1.png,collection,Fall Coloring Pages,https://somethingforlittleones.com/fall-coloring-pages/
fall-coloring-pages-collection-2.png,collection,Fall Coloring Pages,https://somethingforlittleones.com/fall-coloring-pages/
first-animal-coloring-pages-round-puppy.png,single,First Animal Coloring Pages,https://somethingforlittleones.com/first-animal-coloring-pages/round-puppy/
first-animal-coloring-pages-simple-bird.png,single,First Animal Coloring Pages,https://somethingforlittleones.com/first-animal-coloring-pages/simple-bird/
first-animal-coloring-pages-simple-butterfly.png,single,First Animal Coloring Pages,https://somethingforlittleones.com/first-animal-coloring-pages/simple-butterfly/
first-animal-coloring-pages-sitting-cat.png,single,First Animal Coloring Pages,https://somethingforlittleones.com/first-animal-coloring-pages/sitting-cat/
first-animal-coloring-pages-round-turtle.png,single,First Animal Coloring Pages,https://somethingforlittleones.com/first-animal-coloring-pages/round-turtle/
first-animal-coloring-pages-collection-1.png,collection,First Animal Coloring Pages,https://somethingforlittleones.com/first-animal-coloring-pages/
first-animal-coloring-pages-collection-2.png,collection,First Animal Coloring Pages,https://somethingforlittleones.com/first-animal-coloring-pages/
garden-coloring-pages-watering-can.png,single,Garden Coloring Pages,https://somethingforlittleones.com/garden-coloring-pages/watering-can/
garden-coloring-pages-birdhouse.png,single,Garden Coloring Pages,https://somethingforlittleones.com/garden-coloring-pages/birdhouse/
garden-coloring-pages-vegetable-basket.png,single,Garden Coloring Pages,https://somethingforlittleones.com/garden-coloring-pages/vegetable-basket/
garden-coloring-pages-rain-boots.png,single,Garden Coloring Pages,https://somethingforlittleones.com/garden-coloring-pages/rain-boots/
garden-coloring-pages-garden-gate.png,single,Garden Coloring Pages,https://somethingforlittleones.com/garden-coloring-pages/garden-gate/
garden-coloring-pages-collection-1.png,collection,Garden Coloring Pages,https://somethingforlittleones.com/garden-coloring-pages/
garden-coloring-pages-collection-2.png,collection,Garden Coloring Pages,https://somethingforlittleones.com/garden-coloring-pages/
halloween-coloring-pages-jack-o-lantern.png,single,Halloween Coloring Pages,https://somethingforlittleones.com/halloween-coloring-pages/jack-o-lantern/
halloween-coloring-pages-friendly-ghost.png,single,Halloween Coloring Pages,https://somethingforlittleones.com/halloween-coloring-pages/friendly-ghost/
halloween-coloring-pages-witch-hat.png,single,Halloween Coloring Pages,https://somethingforlittleones.com/halloween-coloring-pages/witch-hat/
halloween-coloring-pages-candy-bag.png,single,Halloween Coloring Pages,https://somethingforlittleones.com/halloween-coloring-pages/candy-bag/
halloween-coloring-pages-black-cat.png,single,Halloween Coloring Pages,https://somethingforlittleones.com/halloween-coloring-pages/black-cat/
halloween-coloring-pages-huge-pumpkin.png,single,Halloween Coloring Pages,https://somethingforlittleones.com/halloween-coloring-pages/huge-pumpkin/
halloween-coloring-pages-huge-ghost.png,single,Halloween Coloring Pages,https://somethingforlittleones.com/halloween-coloring-pages/huge-ghost/
halloween-coloring-pages-huge-bat.png,single,Halloween Coloring Pages,https://somethingforlittleones.com/halloween-coloring-pages/huge-bat/
halloween-coloring-pages-candy-apple.png,single,Halloween Coloring Pages,https://somethingforlittleones.com/halloween-coloring-pages/candy-apple/
halloween-coloring-pages-little-cauldron.png,single,Halloween Coloring Pages,https://somethingforlittleones.com/halloween-coloring-pages/little-cauldron/
halloween-coloring-pages-halloween-owl.png,single,Halloween Coloring Pages,https://somethingforlittleones.com/halloween-coloring-pages/halloween-owl/
halloween-coloring-pages-pumpkin-porch.png,single,Halloween Coloring Pages,https://somethingforlittleones.com/halloween-coloring-pages/pumpkin-porch/
halloween-coloring-pages-moon-bats.png,single,Halloween Coloring Pages,https://somethingforlittleones.com/halloween-coloring-pages/moon-bats/
halloween-coloring-pages-pumpkin-path.png,single,Halloween Coloring Pages,https://somethingforlittleones.com/halloween-coloring-pages/pumpkin-path/
halloween-coloring-pages-patterned-porch.png,single,Halloween Coloring Pages,https://somethingforlittleones.com/halloween-coloring-pages/patterned-porch/
halloween-coloring-pages-night-garden.png,single,Halloween Coloring Pages,https://somethingforlittleones.com/halloween-coloring-pages/night-garden/
halloween-coloring-pages-cookie-table.png,single,Halloween Coloring Pages,https://somethingforlittleones.com/halloween-coloring-pages/cookie-table/
halloween-coloring-pages-collection-1.png,collection,Halloween Coloring Pages,https://somethingforlittleones.com/halloween-coloring-pages/
halloween-coloring-pages-collection-2.png,collection,Halloween Coloring Pages,https://somethingforlittleones.com/halloween-coloring-pages/
ocean-scene-coloring-pages-coral-reef.png,single,Ocean Scene Coloring Pages,https://somethingforlittleones.com/ocean-scene-coloring-pages/coral-reef/
ocean-scene-coloring-pages-sailboat.png,single,Ocean Scene Coloring Pages,https://somethingforlittleones.com/ocean-scene-coloring-pages/sailboat/
ocean-scene-coloring-pages-patterned-octopus.png,single,Ocean Scene Coloring Pages,https://somethingforlittleones.com/ocean-scene-coloring-pages/patterned-octopus/
ocean-scene-coloring-pages-lighthouse-coast.png,single,Ocean Scene Coloring Pages,https://somethingforlittleones.com/ocean-scene-coloring-pages/lighthouse-coast/
ocean-scene-coloring-pages-sea-turtle.png,single,Ocean Scene Coloring Pages,https://somethingforlittleones.com/ocean-scene-coloring-pages/sea-turtle/
ocean-scene-coloring-pages-collection-1.png,collection,Ocean Scene Coloring Pages,https://somethingforlittleones.com/ocean-scene-coloring-pages/
ocean-scene-coloring-pages-collection-2.png,collection,Ocean Scene Coloring Pages,https://somethingforlittleones.com/ocean-scene-coloring-pages/
princess-coloring-pages-storybook-princess.png,single,Princess Coloring Pages,https://somethingforlittleones.com/princess-coloring-pages/storybook-princess/
princess-coloring-pages-fairy-tale-castle.png,single,Princess Coloring Pages,https://somethingforlittleones.com/princess-coloring-pages/fairy-tale-castle/
princess-coloring-pages-royal-carriage.png,single,Princess Coloring Pages,https://somethingforlittleones.com/princess-coloring-pages/royal-carriage/
princess-coloring-pages-pony-with-ribbon.png,single,Princess Coloring Pages,https://somethingforlittleones.com/princess-coloring-pages/pony-with-ribbon/
princess-coloring-pages-crown-and-wand.png,single,Princess Coloring Pages,https://somethingforlittleones.com/princess-coloring-pages/crown-and-wand/
princess-coloring-pages-collection-1.png,collection,Princess Coloring Pages,https://somethingforlittleones.com/princess-coloring-pages/
princess-coloring-pages-collection-2.png,collection,Princess Coloring Pages,https://somethingforlittleones.com/princess-coloring-pages/
simple-vehicle-coloring-pages-family-car.png,single,Simple Vehicle Coloring Pages,https://somethingforlittleones.com/simple-vehicle-coloring-pages/family-car/
simple-vehicle-coloring-pages-train-engine.png,single,Simple Vehicle Coloring Pages,https://somethingforlittleones.com/simple-vehicle-coloring-pages/train-engine/
simple-vehicle-coloring-pages-little-boat.png,single,Simple Vehicle Coloring Pages,https://somethingforlittleones.com/simple-vehicle-coloring-pages/little-boat/
simple-vehicle-coloring-pages-farm-tractor.png,single,Simple Vehicle Coloring Pages,https://somethingforlittleones.com/simple-vehicle-coloring-pages/farm-tractor/
simple-vehicle-coloring-pages-fire-truck.png,single,Simple Vehicle Coloring Pages,https://somethingforlittleones.com/simple-vehicle-coloring-pages/fire-truck/
simple-vehicle-coloring-pages-collection-1.png,collection,Simple Vehicle Coloring Pages,https://somethingforlittleones.com/simple-vehicle-coloring-pages/
simple-vehicle-coloring-pages-collection-2.png,collection,Simple Vehicle Coloring Pages,https://somethingforlittleones.com/simple-vehicle-coloring-pages/
thanksgiving-coloring-pages-friendly-turkey.png,single,Thanksgiving Coloring Pages,https://somethingforlittleones.com/thanksgiving-coloring-pages/friendly-turkey/
thanksgiving-coloring-pages-pumpkin-pie.png,single,Thanksgiving Coloring Pages,https://somethingforlittleones.com/thanksgiving-coloring-pages/pumpkin-pie/
thanksgiving-coloring-pages-ear-of-corn.png,single,Thanksgiving Coloring Pages,https://somethingforlittleones.com/thanksgiving-coloring-pages/ear-of-corn/
thanksgiving-coloring-pages-cornucopia.png,single,Thanksgiving Coloring Pages,https://somethingforlittleones.com/thanksgiving-coloring-pages/cornucopia/
thanksgiving-coloring-pages-harvest-basket.png,single,Thanksgiving Coloring Pages,https://somethingforlittleones.com/thanksgiving-coloring-pages/harvest-basket/
thanksgiving-coloring-pages-huge-turkey.png,single,Thanksgiving Coloring Pages,https://somethingforlittleones.com/thanksgiving-coloring-pages/huge-turkey/
thanksgiving-coloring-pages-huge-pie.png,single,Thanksgiving Coloring Pages,https://somethingforlittleones.com/thanksgiving-coloring-pages/huge-pie/
thanksgiving-coloring-pages-huge-corn.png,single,Thanksgiving Coloring Pages,https://somethingforlittleones.com/thanksgiving-coloring-pages/huge-corn/
thanksgiving-coloring-pages-wheat-sheaf.png,single,Thanksgiving Coloring Pages,https://somethingforlittleones.com/thanksgiving-coloring-pages/wheat-sheaf/
thanksgiving-coloring-pages-cranberry-bowl.png,single,Thanksgiving Coloring Pages,https://somethingforlittleones.com/thanksgiving-coloring-pages/cranberry-bowl/
thanksgiving-coloring-pages-mashed-potatoes.png,single,Thanksgiving Coloring Pages,https://somethingforlittleones.com/thanksgiving-coloring-pages/mashed-potatoes/
thanksgiving-coloring-pages-dinner-table.png,single,Thanksgiving Coloring Pages,https://somethingforlittleones.com/thanksgiving-coloring-pages/dinner-table/
thanksgiving-coloring-pages-turkey-and-leaves.png,single,Thanksgiving Coloring Pages,https://somethingforlittleones.com/thanksgiving-coloring-pages/turkey-and-leaves/
thanksgiving-coloring-pages-harvest-porch.png,single,Thanksgiving Coloring Pages,https://somethingforlittleones.com/thanksgiving-coloring-pages/harvest-porch/
thanksgiving-coloring-pages-feast-table.png,single,Thanksgiving Coloring Pages,https://somethingforlittleones.com/thanksgiving-coloring-pages/feast-table/
thanksgiving-coloring-pages-patterned-cornucopia.png,single,Thanksgiving Coloring Pages,https://somethingforlittleones.com/thanksgiving-coloring-pages/patterned-cornucopia/
thanksgiving-coloring-pages-harvest-path.png,single,Thanksgiving Coloring Pages,https://somethingforlittleones.com/thanksgiving-coloring-pages/harvest-path/
thanksgiving-coloring-pages-collection-1.png,collection,Thanksgiving Coloring Pages,https://somethingforlittleones.com/thanksgiving-coloring-pages/
thanksgiving-coloring-pages-collection-2.png,collection,Thanksgiving Coloring Pages,https://somethingforlittleones.com/thanksgiving-coloring-pages/
town-scene-coloring-pages-hot-air-balloon.png,single,Town Scene Coloring Pages,https://somethingforlittleones.com/town-scene-coloring-pages/hot-air-balloon/
town-scene-coloring-pages-treehouse.png,single,Town Scene Coloring Pages,https://somethingforlittleones.com/town-scene-coloring-pages/treehouse/
town-scene-coloring-pages-passenger-train.png,single,Town Scene Coloring Pages,https://somethingforlittleones.com/town-scene-coloring-pages/passenger-train/
town-scene-coloring-pages-greenhouse.png,single,Town Scene Coloring Pages,https://somethingforlittleones.com/town-scene-coloring-pages/greenhouse/
town-scene-coloring-pages-bakery-window.png,single,Town Scene Coloring Pages,https://somethingforlittleones.com/town-scene-coloring-pages/bakery-window/
town-scene-coloring-pages-collection-1.png,collection,Town Scene Coloring Pages,https://somethingforlittleones.com/town-scene-coloring-pages/
town-scene-coloring-pages-collection-2.png,collection,Town Scene Coloring Pages,https://somethingforlittleones.com/town-scene-coloring-pages/
woodland-animal-coloring-pages-woodland-fox.png,single,Woodland Animal Coloring Pages,https://somethingforlittleones.com/woodland-animal-coloring-pages/woodland-fox/
woodland-animal-coloring-pages-woodland-owl.png,single,Woodland Animal Coloring Pages,https://somethingforlittleones.com/woodland-animal-coloring-pages/woodland-owl/
woodland-animal-coloring-pages-woodland-deer.png,single,Woodland Animal Coloring Pages,https://somethingforlittleones.com/woodland-animal-coloring-pages/woodland-deer/
woodland-animal-coloring-pages-woodland-hedgehog.png,single,Woodland Animal Coloring Pages,https://somethingforlittleones.com/woodland-animal-coloring-pages/woodland-hedgehog/
woodland-animal-coloring-pages-woodland-squirrel.png,single,Woodland Animal Coloring Pages,https://somethingforlittleones.com/woodland-animal-coloring-pages/woodland-squirrel/
woodland-animal-coloring-pages-collection-1.png,collection,Woodland Animal Coloring Pages,https://somethingforlittleones.com/woodland-animal-coloring-pages/
woodland-animal-coloring-pages-collection-2.png,collection,Woodland Animal Coloring Pages,https://somethingforlittleones.com/woodland-animal-coloring-pages/
